Input Sample,B cells naive,B cells memory,Plasma cells,T cells CD8,T cells CD4 naive,T cells CD4 memory resting,T cells CD4 memory activated,T cells follicular helper,T cells regulatory (Tregs),T cells gamma delta,NK cells resting,NK cells activated,Monocytes,Macrophages M0,Macrophages M1,Macrophages M2,Dendritic cells resting,Dendritic cells activated,Mast cells resting,Mast cells activated,Eosinophils,Neutrophils,P-value,Pearson Correlation,RMSE
Sample_BkSQ.20_007.fq,0.006748185353635932,0,0,0.0019990030558284634,0,0.12939363284572022,0.008865691996114908,0,0,0,0.06877560420706375,0,0.00722624629840421,0.2770114543970215,0.018609477439943168,0.02183653761044821,0.003104851479623882,0,0,0.04354946836471506,0.1444717593738091,0.2684080875776716,0,0.38754592639246843,0.945649439965903
Sample_BkSQ.50_012.fq,0.006320166811568759,0,0.00721909460989052,0.020807552996779166,0,0.09661144615129627,0.014109686576844301,0.013435360078958073,0,0,0.018761674435276324,0,0,0.4790023350194097,0.00282390846434618,0.06628243899619975,0,0.053257587925162504,0,0.021641467816410888,0.0017420868206963489,0.1979851932971612,0,0.28581378151896575,1.025225154116137
Sample_BkSQ.8_004.fq,0,0,0,0.0382360614375598,0,0.12644445152851166,0.024315688866446084,0.010132695883261064,0,0,0.010875250232447837,0.005135495790815759,0.05120468373922565,0.48494578506452507,0.05489217245876909,0.08786534583826135,0.01477601099910129,0,0.0066496308767605115,0,0.02556392432825975,0.058962802956055056,0,0.3420160355019337,0.9751212072825395
Sample_BkSQ.90_002.fq,0,0.0371803631773251,0.005933309157830307,0.011241011905773535,0,0.08983906024770637,0.02393338714064778,0,0,0,0.03839837657462683,0,0.055899422136890746,0.5572311644201645,0.0016750095749624998,0.01259917270199285,0.005133074931791609,0,0,0.011765969989232244,0.05008401533165097,0.09908666270940472,0,0.2890455036189524,1.0225436706831206
Sample_BkSQ.191_007.fq,0.005084237773449292,0,0.0024550440416231836,0,0.0021849844343704737,0.08773338701489522,0.035939619026823584,0.013652797498270211,0,0,0.05506269756730286,0,0,0.07775344835331441,0,0,0.00336350656018953,0.01704395493012099,0,0.029063290826361696,0.1458411393526345,0.524821892620644,0,0.5621515662651176,0.8571656852578211
Sample_BkSQ.11_005.fq,0.016643064679402297,0,0.012608412036037814,0,0.08110597286975843,0.10444364043787792,0.036560309769623336,0,0,0,0.07220701129029318,0,0,0.3039897261557884,0,0.036526747837382786,0.0040476759320380445,0.022682532671277615,0.011269011637583327,0,0.05521432819054881,0.24270156649238803,0,0.3526632024286317,0.958389168318802
Sample_BkSQ.12_006.fq,0.020495739226579098,0,0.0138687526584027,0.18217629211928657,0,0.021186476937952604,0,0.028251711377024723,0.021451540372348546,0,0,0.022226256597597246,0.07822573773670051,0.3670302560038217,0,0,0.008943416890623957,0.023142274212211003,0,0,0.04338308200471543,0.16961846386273582,0,0.3895502603838981,0.9361033077006239
Sample_BkSQ.13_007.fq,0,0.0031182922116014863,0.0030842148090339965,0.011166959917228925,0,0.13211476458793917,0,0.008925119851545224,0,0,0,0.029267897880597724,0.31036139380057953,0.25019945282864037,0,0,0,0.043226566794794585,0.012446656669274601,0,0.032892894308535155,0.16319578634022913,0,0.3981923349621735,0.9332093035120852
Sample_BkSQ.15_012.fq,0.010985635070274577,0,0,0.0011074074525352462,0,0.11606225421076304,0.051066549451141065,0.019437342439097078,0.008564487995043517,0,0,0,0,0.059669896344725235,0.0023378015361021605,0.03690940864161838,0.0009,0,0,0.02247170733840023,0,0.6704746199354474,0,0.4266969741137726,1.028434588084441
Sample_BkSQ.200_004.fq,0.006216467329144595,0,0,0.015177910317949921,0,0.12305600798158745,0.018445376761150486,0.004321506539314958,0,0,0.007507391877152094,0.014806654375795297,0.020924100916184706,0.4483119633961336,0.048883912901983316,0.0616611101721702,0.007218582845928117,0,0,0.017631256564968643,0.038463500584209845,0.16737425743632667,0,0.30843634810270776,1.0002444496219642
Sample_BkSQ.210_012.fq,0,0,0,0,0,0.05831920911435237,0.013353108845572371,0,0,0,0.011320642166879162,0,0,0.15641360491471396,0,0.04931135938551178,0.03626741275502825,0.03852947254236018,0,0,0.24391837792787543,0.3925668123477066,0,0.5892115547528408,0.8166107596798484
Sample_BkSQ.23_004.fq,0.013648593511276839,0,0,0.022369496665294277,0,0.1310640906896253,0.012503869938032184,0.015268605702966554,0,0,0.025479663272422504,0.0018200138005994215,0,0.505085268335342,0.05385756331101784,0.012722278266744973,0.009502804164468375,0,0,0.010590964026567031,0.0293724854525158,0.1567143028631269,0,0.26365089170294165,1.0330475614285317
Sample_BkSQ.24_005.fq,0,0.029003051066009904,0.016588460335784868,0.03207507687092613,0.01292119044827314,0.09061006561049796,0.013015306885447915,0.03978628499461822,0,0,0,0.025546804213170977,0.015710066718666274,0.25076748380177066,0,0,0.0032446613413311186,0.33258074535391996,0,0.05433818892979547,0.0030259771270048537,0.08078663630278253,0,0.33745344467644905,0.9641348226533566
Sample_BkSQ.25_006.fq,0,0,0,0.011574702645317642,0,0.1314991226953897,0.0020014268020593687,0,0,0,0.012195139729387789,0.005590447307393033,0,0.2627892293849825,0.011018482122135458,0.06402880399688306,0,0.027791859206083593,0.025630315899500315,0,0.14103967956357194,0.3048407906472956,0,0.4411354991714666,0.9155460500888282
Sample_BkSQ.28_012.fq,0.018314430983908246,0,0.001819703009446917,0,0,0.10263795552643694,0.021446944264699036,0.025824398345925266,0.005293376746537082,0,0.05418367730097442,0,0,0.3845210325936071,0.006829432348519496,0.08676897381836064,0.009735591995352436,0,0,0.0033065379553712075,0.07632569456647822,0.20299225054438297,0,0.25330516860184943,1.0265004280216297
Sample_BkSQ.29_005.fq,0.008998235499249767,0,0,0.009586637169751038,0,0.10555937187963982,0,0.0028056589928264265,0,0,0.012082330446622857,0,0,0.5672310758337189,0.030810425954727966,0.07796560680685856,0.004254957208014444,0,0,0.005666733094711517,0.046333007683548,0.12870595943033067,0,0.2627367104324224,1.0548150596837587
Sample_BkSQ.31_004.fq,0.021013584275510998,0,0,0.04125256246097144,0,0.16076975361086743,0.03658148458667937,0.00998480562818054,0,0,0.04741491619405255,0.019304938944239475,0.0008,0.09164094323630374,0.03585324496171336,0.02193796164024,0.01263901386777368,0.002214767820257363,0,0.0702446882023131,0.12902253205814576,0.29932044819314507,0,0.3963824324799003,0.9328039487684654
Sample_BkSQ.204_012.fq,0,0,0.009582361425416377,0,0,0.19014020889468353,0.006742656768748289,0,0,0,0,0.023201689158226395,0.04763676239991773,0.19193289210403103,0,0,0.024163527134275567,0.040604655166080104,0,0.04218829390584312,0.1593641412144454,0.26444281182833257,0,0.5176110010972037,0.8567343604611877
Sample_BkSQ.202_006.fq,0.008383454940634416,0,0,0.037879076366519326,0,0.11190420772982396,0.008741238871529855,0,0,0,0.04453002040803278,0,0.020849218337196208,0.5117022362767026,0.01541580137999493,0.018962523101950107,0,0.0256664854758084,0,0.0029248413438091193,0.031727054085712886,0.16131384168228535,0,0.24878688634580717,1.0458455204520651
Sample_BkSQ.33_006.fq,0,0,0.00994502392838473,0,0,0.1777009479322919,0.014463835112969285,0,0,0,0.024059511237779965,0.007172785579092419,0.036114167888390135,0.2047752254994561,0,0.05565763198288012,0,0.23588075296752814,0,0.0343882769734033,0.05089388695518658,0.14894795394263735,0,0.34374118342663845,0.9542248347191759
Sample_BkSQ.214_005.fq,0,0,0,0,0.01424995261395199,0,0.012796443062271743,0.011679944857385032,0,0,0.03832608249103306,0,0,0,0.001282356729032767,0,0,0.010993775567463124,0,0.06789214463930841,0.05021011459971316,0.7925691854398408,0,0.4850534466381291,1.0534452989412366
Sample_BkSQ.34_007.fq,0,0.025752686011085445,0.0022130551377211637,0.04226736549146943,0,0.13348313616295623,0.020030245807335246,0,0,0,0.01579144394251855,0.011810261198441724,0.015954294651795417,0.5317560575649297,0.007999822754398837,0.06543898765786184,0.00982379402723504,0.002407873417904492,0.021747402903275127,0,0.015406615874000515,0.07811695739707127,0,0.27202429507950454,1.02509441937529
Sample_BkSQ.35_012.fq,0,0.3011108619745422,0,0,0,0.031228120856149337,0,0.016387500095165587,0.006280743860514236,0,0.025449311584072248,0,0.07691015075246138,0.03941264769865215,0,0,0,0.02333417561006835,0,0.06886589931075462,0.027263375517770815,0.3837572127398491,0,0.48960645563425287,0.8841675752371948
Sample_BkSQ.37_004.fq,0.005665564798906554,0,0,0,0,0.03463489327979573,0.03180305800914515,0.011959160165641022,0,0,0.02954277060006742,0,0,0,0.0012288315695609124,0,0,0.004521393057397885,0,0.0352546158772775,0.027814751441256,0.8175749612009517,0,0.5763184386429615,0.9674236617344342
Sample_BkSQ.41_012.fq,0.013133258627908678,0,0,0.013806126396385307,0,0.13456548771928692,0.02854395499675279,0,0,0,0.034967743829809064,0,0,0.48332973505463844,0.0016774281469822598,0.026273511878767447,0.003865005036307625,0,0,0.0298771820911552,0.07924990859006631,0.15071065763194,0,0.2560885885336089,1.0336560359052194
Sample_BkSQ.42_002.fq,0,0,0,0,0,0.030537236414248433,0,0.0051163273028788205,0,0,0,0.022975215184786367,0,0.1645203529328082,0,0.02001522880462059,0.0947702324203385,0.013616721398295902,0,0.12924279774594294,0.16348426947451458,0.3557216183215657,0,0.563461204962321,0.8337559299229856
Sample_BkSQ.44_004.fq,0.003305681512061704,0,0,0.01171096000564525,0,0.13093403236866286,0.02474470785364842,0,0,0,0.04952353541255015,0,0.03368730055714024,0.4864472458262837,0.0018669019067824573,0.03318479279817754,0.0038611501400114007,0,0,0.02079647126979644,0.03324372564169848,0.1666934947075414,0,0.3967799181041687,0.9478777810531054
Sample_BkSQ.47_006.fq,0.01205611401706627,0,0.008201734825499966,0.0224494328851279,0,0.09082360069434192,0.0009,0.006552659335278074,0.014589938354865734,0,0.019763997777153385,0,0,0.4729826572468172,0.007285019607190419,0.06329054884863736,0,0.006439865261664932,0,0.06386483610043098,0.10334071311478889,0.10745565110764366,0,0.2341346501344364,1.0441509025534201
Sample_BkSQ.209_007.fq,0.010262499073899775,0,0.010837344420883696,0,0,0.07819805577652489,0.030569723782722387,0.018609783200204993,0,0,0.04194832270303281,0,0,0.16781736730123795,0,0.004647617129872131,0.002667853895924634,0.024068253048945294,0,0.01205158573711022,0.07691380644786833,0.521407787481773,0,0.5658066646455729,0.8532125622265191
Sample_BkSQ.48_007.fq,0.007261592325775129,0,0.0007,0.018746800986309126,0,0.12872116961199845,0.0019493609830876424,0,0,0,0.028863963282589587,0,0,0.33950131569995906,0.007622300523212767,0.057160856312757725,0,0.005050304665101555,0,0.12942503287395898,0.10131524188404453,0.1736628617579724,0,0.2994852450302216,0.9947465703530951
Sample_BkSQ.49_006.fq,0,0,0.0018543825121417974,0,0,0.13760068816921178,0.027848138239815728,0.01935017948537608,0,0,0,0,0.2573516740295672,0.17734379972694192,0,0,0.0026476845644777995,0.030241665270407544,0,0.017222486468557032,0.06179388467735793,0.2667454168561452,0,0.40896366618518104,0.9349406020247781
Sample_BkSQ.52_002.fq,0,0,0,0,0,0.08546018376743592,0.008559286939769685,0,0,0,0.016340944657072046,0,0.02888938032436309,0.24595070347766507,0,0.01523161973253281,0.0062823868515648525,0.08762894728887581,0,0,0.1944822279069381,0.3111743190537827,0,0.5411528546165465,0.8472297530526629
Sample_BkSQ.54_004.fq,0.06223943726452448,0,0.03475091077094499,0,0.16784442914591952,0,0,0,0,0,0.0959294332705285,0,0,0.037668051556617135,0.013097851958352294,0,0.009510762896718835,0.02189819473148951,0,0.04154580463381293,0,0.5155151237710918,0.01,0.17778934350489606,1.1311627972470921
Sample_BkSQ.55_005.fq,0,0,0,0,0,0.18463473122094448,0.018087138920494062,0,0,0,0,0,0.15626465187833802,0,0.038283694566303005,0,0,0.017228397405655058,0,0.08457693692838296,0.0440733051839223,0.4568511438959601,0,0.39347800261890736,0.980885266060705
Sample_BkSQ.58_012.fq,0.013003248258793005,0,0.009992079792269336,0,0.015434188228754397,0.14592077914805596,0.11558723298278867,0,0,0,0.0070241048676578256,0.032572728111269586,0.2751513128781138,0.024912563440349263,0.14923099895296357,0,0.0026112662946145403,0.02446664225715642,0.05337410183393829,0,0.0507942389686877,0.0799245139845877,0,0.3856596033301691,0.9274403408554003
Sample_BkSQ.59_002.fq,0,0,0,0,0.021025360999423728,0.06282805155726537,0.001,0,0,0,0.011898575617854016,0,0,0.28223976351752766,0,0.024782083375861522,0,0.06102901461978366,0,0.030868543589919757,0.21588147088559279,0.28846967092515946,0,0.4517723514592572,0.912766039799488
Sample_BkSQ.6_012.fq,0.005270359491681027,0,0,0,0.004443516535961073,0.14135037663149297,0.005731426703893933,0,0,0,0.0715120147247538,0,0,0.4461509185860366,0,0.05385633653747421,0,0.04221375265516392,0,0.028853432593328794,0.0023607690742889504,0.19825709646592468,0,0.1921843729471683,1.0728103631970518
Sample_BkSQ.65_005.fq,0.007888451751515506,0,0,0.02956564237197375,0,0.14446835591548315,0.03271416421430948,0.001777936055778139,0,0,0.053089888509006256,0,0.0011370693777833778,0.2760482672021261,0.0022359109548700487,0.04349251067186223,0.015737504020205163,0.0031376773180924666,0,0.03943623727349561,0.051373268998783195,0.2978971153647155,0,0.22657151881534204,1.0437891771135628
Sample_BkSQ.67_012.fq,0.013713185483294463,0,0,0.022551614318092005,0,0.10406389102670958,0,0.01308808171241934,0,0,0,0.015804004590284932,0.024172699940622048,0.41909046325954047,0.05916526678332436,0.06777624075342742,0.006837249417087466,0,0,0.09230429367092255,0.040003713517940444,0.12142929552633495,0,0.31273442849619043,0.9906654406085739
Sample_BkSQ.68_002.fq,0,0,0,0,0.014444577026232258,0.19925484915979208,0.009796598421434358,0.00855749113918816,0,0,0.04084713305270952,0.028490226585082955,0,0.22834953474496972,0.006603715911807729,0.1818245533398009,0.01828153520961182,0.0012182883720622143,0.044074209032233504,0,0.05622899087718682,0.16202829712788797,0,0.21532304464796592,1.0182865004524155
Sample_BkSQ.69_004.fq,0,0,0,0,0.0117511700884058,0.005110941851289497,0,0,0,0,0.0027636023464808297,0,0.10397247478428659,0.32316747780582994,0,0,0,0.1618423585913117,0,0.11977590646726732,0.05531238250521086,0.21630368555991755,0,0.526975208019541,0.8563144835913047
Sample_BkSQ.7_002.fq,0.006172290443050541,0,0,0.009057158280825761,0,0.10888343824188627,0,0,0,0,0.021263805831761507,0,0.14201478120949307,0.6526608907285687,0,0.0031798854339748035,0.013033930396129663,0.007060368659521058,0,0.0008,0.013928770280836385,0.021897830771101134,0,0.21717119787841468,1.0941380693446061
Sample_BkSQ.70_012.fq,0.00953353866537997,0,0.008973507577105673,0.005171979484243743,0,0.20036773432782642,0.02271984182389116,0,0,0,0.012379248485286645,0.010971103771611226,0.01719667851341421,0.20004501267556357,0,0,0,0.1386936060594405,0.01364457686898316,0,0.045345533046733125,0.3149576387005205,0,0.4438465500513421,0.9072465021161387
Sample_BkSQ.74_007.fq,0.0014126541060278687,0,0.005712532571851148,0,0.004457519003148201,0.17699585710606164,0.013255538452987414,0,0,0,0.038871046691959524,0,0.021416094447009888,0.06669358465806051,0.03617029542988903,0,0,0.009092636840886565,0,0.01609373502207007,0,0.6098285056700481,0,0.5663991007594567,0.8747837734879326
Sample_BkSQ.75_012.fq,0.0019084829258288489,0,0.005968851973942317,0.026126497893933738,0,0.1215475451492137,0.0065334160680048155,0.010539075169590194,0,0,0.039635161874680934,0.001623254539754078,0,0.37578346357202635,0.003398940014788704,0,0,0.008585179805738263,0,0.031265869243489244,0.02544192587990335,0.34164233588910536,0,0.39539408511402185,0.9615431125212534
Sample_BkSQ.77_004.fq,0.018520304758508337,0,0.009506181670759131,0,0,0.1195252918710648,0.025787290447781032,0,0,0,0.03855401113375322,0,0,0.11611657770021724,0.00521457967841154,0,0.0031577856008711473,0.0091190919192083,0,0.03579506736555735,0.01319281994985158,0.6055109979040163,0,0.6323749893458057,0.8071841115121257
Sample_BkSQ.78_004.fq,0,0,0.008008620286253673,0,0,0.15061427825409635,0.02311946059241606,0,0,0,0.031810408588996794,0,0.053525037442164726,0.3843270275419285,0,0,0.061130254492179216,0.08015767516102967,0,0,0.05695804165365883,0.15034919598727625,0,0.3280597692356414,0.973266631608577
Sample_BkSQ.79_005.fq,0.012292461871611662,0,0,0,0.024258695190748934,0.12801514453826981,0,0,0,0,0.049898632503716484,0,0,0.5448981153110523,0.051373525657955305,0.06341248382128062,0.008314035142874378,0,0,0.012583013081854616,0.01452041468124086,0.09043347819939497,0,0.21823547776449068,1.0662428863661082
Sample_BkSQ.84_004.fq,0.010487054486286368,0,0.0012395134649552688,0,0,0.1709472279741828,0,0,0,0,0,0.04294081396552239,0.05073374850418068,0.16064190087479033,0.010447067498450618,0.01472019492070051,0,0.08428434198363523,0,0.1758087624031189,0.13515050126610087,0.14259887265807608,0,0.4184217483359758,0.9133794162596517
Sample_BkSQ.86_006.fq,0.006424112133588147,0,0.008354768180574406,0,0,0.14915293535970683,0.019710942457556935,0,0,0,0.029761720750362444,0,0.08343985904914987,0.37586547761523675,0,0,0,0.05353542055824661,0,0.03628466541540086,0.029364401014688433,0.2081056974654887,0,0.3712347236561262,0.954088298782198
Sample_BkSQ.88_012.fq,0,0,0.009021527456924807,0,0,0.13130307858656556,0.00815588413435124,0,0,0,0,0.03269262128526607,0.19721000934465444,0.3554777316788128,0,0,0.05832886106024637,0.037162074385598515,0.03415145993660055,0,0.003509689972387156,0.13298706215859243,0,0.38077356419246944,0.9414617383319752
Sample_BkSQ.89_002.fq,0,0,0.01098712166072049,0.006657765752933712,0,0.14860640015670565,0.03064143026814446,0,0,0,0.03061965386925765,0,0,0.3011008232338226,0.010558906865576149,0.017550620805638913,0.0035914904560816734,0.0007,0,0,0.027594933849960444,0.41138340106873605,0,0.33959995427489903,1.0098223919852274
Sample_BkSQ.91_004.fq,0.0004,0,0,0,0,0.26619824350594823,0.03993686077440278,0,0,0,0.03884986621788977,0,0.0220895307149752,0.12353956567372498,0.0809837765274901,0,0.010882734213738691,0.020416685139285795,0,0,0.03520674214641002,0.36148057106302645,0,0.4456440884786441,0.9114504933082599
Sample_BkSQ.93_006.fq,0.002483975522927035,0,0,0,0,0.030130468322631773,0.024668290348653435,0.010482858193891439,0,0,0.038648902976607634,0,0,0,0,0,0,0.015168937341838747,0,0.023085293671292608,0.08779921363428358,0.7675320599878737,0,0.6216414813970351,0.8920281048969727
Sample_BkSQ.95_012.fq,0.0064995480376847286,0,0,0,0,0.08264934607412053,0,0.007860504260765516,0,0,0,0.04678828928217852,0,0,0,0,0,0.04055958125760437,0,0.16736767941487232,0.06582212355000332,0.5824529281227706,0,0.5505668837658539,0.8882041130934425
Sample_BkSQ.213_004.fq,0.003685930603659546,0,0.005857577388637317,0,0,0.2459445281942049,0.0329845161055451,0,0,0,0.08221738998783912,0,0,0.12329506611258186,0,0,0,0.01641319987595442,0,0.02013644519457024,0.06036974387702118,0.4090956026599864,0,0.4261199319018907,0.9328227525218618
Sample_BkSQ.96_002.fq,0,0,0.01043279780551821,0.057926707941079056,0,0.08757103811710726,0,0.021246802849812275,0,0,0.011869522332656323,0.012385242670579487,0.024180414863903734,0.5440947585351509,0.005105573669439898,0.047523167901560595,0.006756429475347675,0,0.01783549628342505,0,0.037546702807654486,0.11552534474676511,0,0.2265844162985844,1.0620688215645284
Sample_BkSQ.97_004.fq,0.010718053015534941,0,0.007459491515352832,0.02198430101888691,0,0.14676589043937346,0.02351937611948963,0.004541566209940467,0,0,0.0034308384779200693,0.007741798681761279,0,0.44342023011051196,0.0010057093558105776,0.05323333300798017,0,0.022193793266678804,0,0.0380842755101411,0.047047175711666174,0.1688541675589517,0,0.24835823244787594,1.0331968297183232
Sample_BkSQ.98_005.fq,0.0023317983709433975,0,0,0.016037087301258444,0,0.1109107109561082,0.018268929267612206,0.012599144083052108,0,0,0.06231042231792516,0,0,0.25530811629184313,0.002871865363009176,0.01703150882668251,0,0,0,0.06316123300702632,0.02556758803772344,0.4136015961768159,0,0.3861480670326273,0.9738303013461928
Sample_BkSQ.99_006.fq,0.005930001528864778,0,0,0.03288554004298055,0,0.08721849284829146,0,0,0.0013448970783065573,0,0.04275482491638314,0,0,0.567834849257989,0.007316568160370479,0.06781976353262203,0,0.006060892255041338,0,0.03395153202829633,0.03031884098864092,0.11656379736221349,0,0.21517520987175734,1.0814545872414938
Sample_BkSQ.101_007.fq,0.006092577667761442,0,0,0.003294575522609337,0,0.10402833464774967,0.014684926770758411,0,0,0,0.034114444243986346,0,0.08621567152550057,0.514704042139763,0.006192585633622751,0,0.003688759841058343,0,0,0.002545010335238701,0.01736115100487082,0.2070779206670806,0,0.31702147376853257,1.0158015485333949
Sample_BkSQ.102_012.fq,0.009629492624399215,0,0,0.029577992962017668,0,0.13581708692923433,0.01957814275321624,0,0,0,0.037938750797845075,0,0.007776439068730081,0.4867218457312602,0,0.1028030159122538,0,0.03690130733331266,0,0.0563503763907028,0.030517403333982653,0.046388146163045374,0,0.19249885643488357,1.064866314005873
Sample_BkSQ.103_002.fq,0.006516161416384389,0,0,0,0,0.06830293975095948,0.027210270794637885,0.018320031907249595,0,0,0.03956420344213215,0,0,0.09123834944771007,0,0,0,0.015016716152827623,0,0.021805746016579076,0.06784623753776688,0.644179343533753,0,0.5894379248217422,0.8687529190975051
Sample_BkSQ.104_004.fq,0.013011453185356063,0,0,0,0,0.1773291350899376,0,0.015327045423903785,0,0,0,0.04772557105861715,0.04911500207204804,0.2520583987288994,0.14679280602154823,0.06067624075848002,0.002483480542604994,0.04204398987362075,0.05013720927415577,0,0.03674916961262754,0.10655049835820071,0,0.3627392889995697,0.9445045252049507
Sample_BkSQ.187_002.fq,0,0.005931713160113172,0,0.007804328915958057,0,0.08181388737183237,0,0.0018377072199401595,0,0,0.002448121665617844,0.010474642296767533,0.016037732605988144,0.32768701163040154,0.016794903439654955,0.08026501162035088,0.032941894056570414,0.014216903900435994,0.01645723763462401,0,0.1565275007806389,0.22876140370110604,0,0.38063837271240364,0.9531206179212581
Sample_BkSQ.111_012.fq,0.015596973539381281,0,0,0,0,0.20116302406794911,0.03715592856562963,0,0,0,0.01033911225311451,0.03797188153463166,0.0946222643443064,0.24924791708884883,0.09463691750817727,0.029377286435093807,0.008597521428416645,0,0,0,0.08231792077804759,0.13897325245640332,0,0.3334746694330609,0.9582318341742931
Sample_BkSQ.115_006.fq,0.0084638060890351,0,0,0.059411046423904386,0.01434555093922255,0.15857364302338048,0,0,0,0,0,0.04684239155237255,0.08451332392450318,0.24714368232996853,0.05600003467075598,0.031434839763396144,0.006360755343237525,0,0.05092016264918263,0,0,0.23599076329104096,0,0.19741019304251323,1.0418698070488028
Sample_BkSQ.117_005.fq,0.005023922511681974,0,0.0012701462177216072,0.02439298065859889,0,0,0.19477527585264093,0,0,0,0.019994140894750136,0.11557075787978117,0.2736343461620584,0.04160470325013971,0.13342759416508598,0,0,0.048337715462813576,0.036541475316424134,0,0.10542694162830353,0,0,0.3234567982833851,0.9637275918311589
Sample_BkSQ.118_007.fq,0.006855036183139633,0,0.003779923358574318,0,0,0.17231719641212886,0,0,0,0,0.006040373777971305,0.017918961454294162,0.09215919604107711,0.4852520445140258,0.0002,0,0,0.01428937220062332,0,0.08771087876913726,0.033093855943320365,0.08037028736701318,0,0.24659660474283543,1.034070827282313
Sample_BkSQ.119_012.fq,0.005501902635396515,0,0,0.0034712858475741044,0,0.13983058991988945,0,0.0001,0,0,0,0.030397960366567393,0.14868756734217572,0.5264285888213118,0,0,0.06019190084514726,0,0,0,0.005242751574385576,0.0801120548280695,0,0.28478193963047777,1.0223042773060802
Sample_BkSQ.120_002.fq,0,0.024796827368563226,0,0.028310797963411172,0.024712908945260723,0.10911757968795231,0,0,0,0,0.03677584635022813,0,0.0035142027116702368,0.30899167058894433,0.001,0.19570529984916069,0,0.05969744810512221,0,0.02408577510074652,0.09462118265125065,0.08869631301039325,0,0.19996119773481907,1.0333058696299993
Sample_BkSQ.124_006.fq,0.0006,0,0,0,0,0.1277003636434758,0.016959546647294384,0.003092081030209644,0,0,0.04320773425516799,0,0.03391585815203654,0.17282038119360146,0.016923415285492918,0.03324760744972405,0,0.00496073290826373,0,0.075869306103293,0.04172096301012132,0.429017954654877,0,0.4253965854980955,0.9460059262005872
Sample_BkSQ.127_002.fq,0.00866206367221559,0,0,0,0.030451180833567886,0.08394793676228805,0.03405893313572615,0,0,0,0,0,0,0,0.003990973545484631,0,0,0.021450207892552156,0,0.04551456310210486,0.023696943374688077,0.7482271976813726,0,0.5981557224190186,0.900504079211904
Sample_BkSQ.128_004.fq,0.008611923478939196,0,0.00826412766811187,0,0,0.20744243076444907,0.00299467664967372,0,0,0,0.057824649028218295,0,0.057314958647234335,0.48391445469532174,0.028949489818729076,0.04681980734652785,0.021167202242728604,0,0,0.03545979171065606,0.007482120851007532,0.03375436709840273,0,0.30097321636380076,0.9946839037919489
Sample_BkSQ.189_005.fq,0.07273029580503258,0,0,0,0,0.1792791790269108,0.025729883532520398,0,0.015992187525262658,0.006572358208814739,0,0.11085942494463748,0.004240389549375096,0.02124352897766985,0,0.0004,0,0.07381937726059704,0,0.07359154492835615,0.41235110966273963,0.003181313539185825,0,0.3949273380216275,0.9285780685029426
Sample_BkSQ.133_004.fq,0.00655165605266775,0,0.005453032108919541,0.02918657573762161,0,0.19579572888811855,0,0,0,0,0.015609956981845748,0.030456379039787596,0,0.48890714688890546,0,0.05639512226644115,0,0.007076288208626632,0.003815228884475247,0,0.036377934854493685,0.1243417362615513,0,0.19551909475360266,1.0670851471426017
Sample_BkSQ.134_005.fq,0.02153901873503217,0,0.0035697486234952135,0.010461744405808781,0,0.05505186336799752,0.0047178212481695835,0.05436113033236731,0.05757082363088424,0,0.040827519767842546,0.04313169879045521,0.07877072630236466,0.06708057862196448,0.001720912126730349,0,0.009459221957655072,0.0002,0.035898314457568345,0,0,0.5156205211674949,0,0.27022394395491484,1.0815561177611142
Sample_BkSQ.135_012.fq,0,0,0,0,0.02757672151059398,0,0,0.007146537987317402,0,0.016259598117886766,0,0.001372504950589713,0.20728306425684712,0.02515377071416739,0,0,0,0.0007,0,0.17128908417391503,0.09773992857796171,0.44547008744539385,0,0.5467527831360713,0.8726490054791594
Sample_BkSQ.138_005.fq,0,0,0,0,0,0.2318567560386671,0,0.013403328444909095,0,0,0,0.02397658775733697,0.1885999530623298,0,0.0828410486308872,0,0.0014308122627797674,0.07403170448370586,0.04635556030568203,0,0.06788842447852367,0.26961582453517846,0,0.28334216444626925,1.0012495717625136
Sample_BkSQ.139_007.fq,0.0024479350253700277,0,0.004884751918576925,0,0,0.101688962396299,0.01326180412229719,0.0015813180046342393,0,0,0.04435413479968006,0,0,0.3187250984709502,0.0025629692013836723,0,0,0,0,0.018587550259883148,0.03581580104622519,0.45608967475470036,0,0.4653596121500208,0.9345096519272081
Sample_BkSQ.141_007.fq,0,0.030849139702359762,0,0,0,0.14641597241845183,0.012108548304167277,0,0,0,0.015141269339775817,0,0.04905287521619338,0.5507790814632381,0,0.012727856944913,0.005062316395429469,0.07376382177332712,0,0.0009,0.0505024232885429,0.05267295250489854,0,0.26633501717445823,1.0311945617492901
Sample_BkSQ.143_002.fq,0.01078388073601012,0,0.009133755113979023,0.018214485744803412,0,0.13972158994840983,0.02388268678206545,0.007553309135890178,0,0,0.014092784250013507,0,0.04276356331962131,0.4792811531540327,0.006714095372319387,0.04140556082469192,0.005156620840436916,0.0011274901467696358,0.010049669833991973,0,0.0404366085207628,0.14968274627620173,0,0.2571308450905648,1.0317331497677098
Sample_BkSQ.144_004.fq,0.008438684175747153,0,0.0077504428759142575,0.04530264246210299,0,0.15434251617162187,0.01980698076122253,0,0,0,0.0636333708469873,0,0.10909167656531256,0.19669179436593537,0,0,0,0.03517433606621024,0,0.0303812726053984,0.023595429998387173,0.3057908531051601,0,0.39233763112452785,0.9414673267280929
Sample_BkSQ.146_006.fq,0.01050510985820371,0,0,0.04406274735621423,0,0.14378829618836025,0.021980155971643964,0,0,0,0.0385226636363909,0,0.02758902624713724,0.3805616287863062,0.016037314047513292,0.049587318884211896,0.00332566011549178,0.01965787203496524,0,0.015168804561170306,0.06215919759827692,0.1670542047141141,0,0.23486932328161123,1.0275347602061542
Sample_BkSQ.147_007.fq,0.017954212569661288,0,0,0,0,0.18225164784170664,0.02365010587359062,0,0,0,0.033024958296163795,0,0.016593953865514696,0.41549016786544224,0.016453422843896604,0.03380577982529739,0.0009,0.013672703563407041,0,0.02522674820394527,0.06503952762565242,0.15589006119749527,0,0.30626896376799756,0.9900796914262315
Sample_BkSQ.148_012.fq,0.008177217210822568,0,0,0.01316231333793646,0,0.1614212453491241,0,0,0,0,0.057268586156331534,0.0010715610289853442,0.019749864009577966,0.3388492486737312,0.0044918032331426215,0.06863412073639798,0.0001,0.006675681286769821,0,0.07799061219507801,0.002387562551469708,0.23997573198181638,0,0.2743189674362371,1.0152067364903965
Sample_BkSQ.190_006.fq,0,0,0,0,0,0.018073920134608255,0,0.006383264064629368,0,0,0,0.013937736681600657,0,0.05112564480836538,0.002291411534163146,0,0,0.013339188586304281,0,0.33758605904117767,0.3562362899076632,0.20102648524148806,0,0.4309294875591607,0.9458940662358006
Sample_BkSQ.149_002.fq,0.007242646555231508,0,0.008552013912515276,0,0.010660013834672273,0.12126554673518322,0.022661800697730675,0.0005,0,0,0.060188749620264576,0,0,0.12157749950587711,0.01421821361225756,0.03811258802871564,0.002410889701205104,0.011056226057121192,0,0.010452452997860868,0.07715998565809036,0.4939769865739933,0,0.5571285170362928,0.8519749430709699
Sample_BkSQ.150_004.fq,0.0005,0,0,0,0.005665278393489077,0.0005,0.005691484357819741,0,0,0,0.021156314035398402,0,0,0.19429689714996437,0,0.03007783308957435,0,0.008699639313131563,0.005556365822907042,0,0.04435056670653027,0.6835290243910648,0,0.6633189062842386,0.816434307791305
Sample_BkSQ.151_005.fq,0.02261752081677625,0,0,0.008623832342947968,0.03303085236617673,0.026099898200405727,0.04591070664789047,0,0,0,0.020564557022923008,0,0.08961836642025363,0.13802950144638126,0.10382621946025639,0,0,0.055193051445619375,0,0.11125191911414278,0.1017681087754341,0.24346546594079235,0,0.3798535380134379,0.9453778432513062
Sample_BkSQ.154_012.fq,0.001220469216377752,0,0.0060150206134914515,0.013944696591346409,0,0.19388117278823847,0.0031793731471767357,0.0023062296952941308,0,0,0.026304328603502375,0.008000376973475276,0.030014287665063057,0.3267581170588591,0,0.001818999981581266,0,0.04488974085682547,0,0,0,0.34166718680876845,0,0.379950045445737,0.9657890353152327
Sample_BkSQ.155_004.fq,0.007947648598418983,0,0.007004802180867223,0,0.0016160310526699313,0.19609216656907652,0,0,0,0,0.05142456838503676,0.014870857927904615,0.061274969676579895,0.3740035559395651,0,0.08305791112131748,0,0.06790267877425532,0,0.02298687345285504,0,0.11181793632145322,0,0.2034656463747943,1.0377315332927866
Sample_BkSQ.156_005.fq,0.011314482753172225,0,0.008936298985404934,0.017678887003279097,0,0.1588985785097008,0.02363471364450381,0,0,0,0.034402892554391926,0,0.008781479204018812,0.45996837461306295,0.002522922627240864,0.07553111163552675,0.0025336943579157027,0.005651005863018564,0,0.05321805913385929,0.03962348456331276,0.09730401455159156,0,0.22089236396495818,1.0434289915671802
Sample_BkSQ.157_012.fq,0.013635174660333418,0,0,0,0,0.06824726093980796,0.020182853342163076,0.018649847322050224,0.020875860931090142,0,0.04138788603525494,0,0.14876288376145644,0.38622380969787223,0.0027589095978370376,0.033521904987386004,0.007261734579284648,0,0,0.027091261663792297,0,0.21140061248167158,0.01,0.16228829727996186,1.0884369212255527
Sample_BkSQ.161_002.fq,0.01666706324937315,0,0.011807487738383988,0,0,0.25584251710890754,0,0.0771782479619529,0.06709837945551632,0.07190593275178192,0,0.014143319216563335,0.1536090374101488,0.054891690582318166,0,0,0.005342499656746976,0.041404375935528474,0,0.0812260651933046,0,0.1488833837394738,0.26,0.040821730901272175,1.0897472271778694
Sample_BkSQ.166_012.fq,0.009956149782312115,0,0,0,0.009753088060654832,0.13181962344444645,0.026930610401431812,0.0029535721346919913,0,0,0.06394530400698599,0,0,0.11985045383216252,0.0287928176499652,0.014991303252222563,0,0.029132548771887118,0,0.010954367277510469,0.0729220532604039,0.477998108125325,0,0.5531921465820978,0.8515093071892589
Sample_BkSQ.174_012.fq,0,0,0,0,0,0.04161295060115453,0,0,0,0,0.0011840412098090202,0.01036272572499938,0,0.14009916871326705,0,0.016033613916601238,0.03525543962201918,0.03509913397019488,0,0.05990617414821612,0.27416807643541263,0.38627867565832597,0,0.5608208523352894,0.8421148627266811
Sample_BkSQ.175_002.fq,0,0,0.008587791589275586,0,0,0.18605034091870873,0.02218043208438945,0,0,0,0.0012572064728347198,0.017782971336233994,0.1448762635182196,0.06844275160162781,0,0,0.03615750878279391,0.3729684107915001,0.03184259358040922,0,0,0.10985372932400697,0,0.36852940851470956,0.9451482893473588
Sample_BkSQ.177_005.fq,0,0,0,0.012383544618219815,0,0.11616284940029159,0.021416106580682843,0,0,0,0.04161468719358307,0,0.06814473620679459,0.3975271682677973,0,0.029648609005283332,0.001,0.024294938525605728,0,0.06803306595947008,0.09375274655276696,0.12605951284230651,0,0.2718214837574181,1.0085995690530845
Sample_BkSQ.178_006.fq,0.005288883809451889,0,0,0.02824202886514763,0,0.13583742863789913,0,0,0,0,0.039457374824892796,0,0.04656306893371156,0.5003035953037395,0.03777063188842999,0.09947482883374763,0.007471544462404055,0,0,0.017636333643447816,0.01889894965949696,0.06305533113763105,0,0.22245956063539046,1.0526950214551676
Sample_BkSQ.182_004.fq,0.005890296825184166,0,0,0.0012438968135931895,0,0.19451946213000804,0,0,0,0,0.015043559420222107,0.03795731213018993,0.03116858079728038,0.3654323818977626,0,0,0,0.04344077243315659,0,0.02883991312419527,0,0.27646382442840783,0,0.21153338855453574,1.0619318394576414
Sample_BkSQ.185_007.fq,0.005379923919141862,0,0.0001,0,0,0.16807567860482864,0.01837192459842088,0,0,0,0.05082207822471042,0,0.013837443093350967,0.3747597646838201,0.007687284555802852,0.012987454855500201,0.0020758591197450904,0.013279889195495718,0,0.053894156958455744,0.05419626498356947,0.2245019613675727,0,0.3441374954375782,0.9722405967239706
Sample_BkSQ.193_002.fq,0.007721933872860674,0,0,0.019970637712086774,0,0.11402620188842659,0,0.01594920942182149,0,0,0.010948635555244243,0.010165675485768452,0,0.42020236950636447,0.0031326332865003587,0.0586699874795329,0.006582288632791415,0,0,0.013290429350299386,0.09339400971804569,0.2259459880902575,0,0.25971383603799314,1.0373652908785398
Sample_BkSQ.196_006.fq,0.014753347800450733,0,0,0,0,0.11254483161811143,0.0054560655174882644,0.0219677751829149,0,0,0.010763543332738842,0.0002,0,0.37112822817014385,0.03916230829683538,0.035895007224526355,0.00962207576619172,0,0,0,0.13548337807852742,0.24302433845168003,0,0.3932577757489198,0.9478895960699733
Sample_BkSQ.199_002.fq,0.07453526887791793,0,0,0,0,0.13067054171325904,0,0.014799839378107058,0,0,0,0.04308781678438122,0.0018633961685220193,0.01814750571659555,0.0009,0,0,0.03444338661570743,0,0.12784709983116943,0.05884432440617011,0.49488968491939567,0,0.4477413050608549,0.9409026297790766
Sample_BkSQ.207_005.fq,0,0.013941958496147983,0.004248197013548975,0,0,0.13355238420254392,0.014183211113153099,0.0005,0,0,0.016566429371258365,0.010159316477250607,0,0.4344348889389381,0.01426632137188727,0.04523080419473126,0.00730948520986537,0,0.01811404951420346,0,0.0423353462148449,0.24513703030530473,0,0.3373218483543943,0.9901232383152585
Sample_BkSQ.21_012.fq,0.008873837777356381,0,0.00816711213120788,0,0,0.11815889994180431,0.024271016686193855,0,0,0,0.02494700191907562,0,0,0.30561887388235115,0.0018360393711118715,0.01511202523720487,0,0.016001991783775257,0,0.025836075482877485,0.03868200510187199,0.41249512068516925,0,0.4540295183221986,0.9283855732863756
Sample_BkSQ.211_001.fq,0,0,0,0,0,0.14936974337786882,0.023763781301673555,0.006148379191794889,0,0,0.01282338577069464,0.0045375305710244574,0.08547476133276055,0.17417842439070386,0.02992262588029177,0.028600445086881986,0.019593689398567385,0.00477312184104269,0,0.018818237080696226,0.15911385161254635,0.28288202316345273,0,0.5260213167979785,0.8526464550157039
Sample_BkSQ.217_012.fq,0.005419847532134043,0,0.0014694656948422108,0,0,0.17007300871849293,0.017007341593158955,0,0,0,0.018166149655631885,0.003972435072104686,0.03064062268257836,0.2601640921177069,0,0,0,0.06505775353264669,0,0.009862152525143957,0.05480358204769498,0.36336354882786437,0,0.43283035753674265,0.9286423227990929
Sample_BkSQ.221_006.fq,0.005292052076383218,0,0,0.0161514651922349,0,0.11492068789778791,0.020745811990590463,0.005931148449373226,0,0,0.05281237297822501,0,0.007847611783994776,0.4001740757862268,0.0025545856324099294,0.007072872687821174,0,0.01881221580938802,0,0.0906272856102179,0.08149569091371547,0.17556212319163128,0,0.2737093852988349,1.0130411981860832
Sample_BkSQ.106_005.fq,0.007852537505673109,0,0.002642378604294573,0,0,0.07538949475845526,0,0.020491825486617765,0,0.04926248484056968,0,0,0,0,0.019976159370934294,0,0,0.08140429899894464,0,0,0.02522623785993539,0.7177545825745753,0,0.5149053532610657,0.9734584174516969
Sample_BkSQ.107_006.fq,0,0,0.006264925595101792,0.013803434634202003,0,0.16643975785057874,0.011367131686554207,0,0,0,0.0666766443920295,0,0.018507894146785088,0.3317517387645105,0,0.0200497891977488,0.0006,0.03396383034802992,0,0.02105509510802215,0.032284225350979655,0.2772655414594161,0,0.29138518341856534,1.007910021236588
Sample_BkSQ.109_012.fq,0.030925519110260133,0,0,0.01324213200310575,0.006901168605472452,0.09593394206603516,0.02051293681350818,0,0,0,0.04680724721523478,0,0,0.389275698024105,0.00553108170656893,0.0465981609181606,0.006117761023252406,0,0,0.06943097382788957,0.03776329935786664,0.23096007932854046,0,0.3673234813261706,0.9623057221750342
Sample_BkSQ.203_007.fq,0.006538629706308403,0,0,0,0,0.14530702324414713,0.021055551527579527,0.012821706052988054,0,0,0.019998164040122106,0,0,0.3413319368709937,0.033748638493527425,0.03429054526987958,0.004211850845470509,0,0,0.00919574401381888,0.0673171120926227,0.30418309784254194,0,0.3612115060282954,0.9732099109360988
